arquivo,split_origem,motivos
CAM1_RGB_2024-08-24_05-26-40_jpg.rf.c46a2e073ab0b96e39537dc0368245f6.jpg,test,borrada;subexposta
CAM2_RGB_2024-08-24_04-09-00_jpg.rf.56d15613489a64665681f7f69b4d69fc.jpg,test,borrada;subexposta;baixo_contraste
CAM2_RGB_2024-08-24_05-38-54_jpg.rf.2886749f81d8be7c98e80a878f8d41e9.jpg,test,borrada;subexposta
CAM1_RGB_2024-08-16_11-38-00_jpg.rf.a2912df938bf7c81b046c83a864b671e.jpg,train,duplicata
CAM1_RGB_2024-08-17_08-13-59_jpg.rf.94e3d23ae6904dc7a73018a8294333b5.jpg,train,duplicata
CAM1_RGB_2024-08-17_08-22-00_jpg.rf.fd7638b12650edcdc24a1507a13be791.jpg,train,duplicata
CAM1_RGB_2024-08-18_11-06-00_jpg.rf.5fc2652986f04ff2beece1bd155fcd3b.jpg,train,duplicata
CAM1_RGB_2024-08-23_23-24-40_jpg.rf.4ff574281e25cbeea5e0bdc898967481.jpg,train,borrada;subexposta
CAM1_RGB_2024-08-23_23-54-56_jpg.rf.c5b528fe01f5f110dc4e3e700645d61c.jpg,train,borrada;subexposta
CAM1_RGB_2024-08-24_00-25-59_jpg.rf.a764fed07bf5985a707281191b442efe.jpg,train,borrada;subexposta
CAM1_RGB_2024-08-24_00-55-59_jpg.rf.002381b6d8fbcacfe7f2e4a205231c22.jpg,train,borrada
CAM1_RGB_2024-08-24_01-25-47_jpg.rf.027a09171dd53193b1afe4a46c149603.jpg,train,borrada
CAM1_RGB_2024-08-24_01-55-57_jpg.rf.da6c90615c385c474e1a36a13006fbe8.jpg,train,borrada
CAM1_RGB_2024-08-24_02-25-58_jpg.rf.4c39d5d990ebfb4f40c4316f8fa4e5e1.jpg,train,borrada
CAM1_RGB_2024-08-24_03-25-55_jpg.rf.265d6064ba311002e69a1f477a99343e.jpg,train,borrada;subexposta
CAM1_RGB_2024-08-24_04-25-47_jpg.rf.c9a8a43114821c9f855d843a1634f253.jpg,train,borrada;subexposta
CAM1_RGB_2024-08-24_04-55-55_jpg.rf.cce92f5f8a4e2b031155e83e2061028c.jpg,train,borrada
CAM2_RGB_2024-08-17_03-55-00_jpg.rf.01d6a2bb3c7cff802ac5a74cf2905b52.jpg,train,duplicata
CAM2_RGB_2024-08-17_05-25-00_jpg.rf.f16c6f992c5942f78e9edf048c3203ec.jpg,train,duplicata
CAM2_RGB_2024-08-21_04-32-00_jpg.rf.77de5cc5f8e08aaad2e95e308a6c53cf.jpg,train,borrada
CAM2_RGB_2024-08-23_23-09-00_jpg.rf.0ccda31fd68a016798dbf9ac3995a732.jpg,train,borrada;subexposta
CAM2_RGB_2024-08-23_23-39-00_jpg.rf.0c07b59db1b0adc9050454e249f422dc.jpg,train,borrada;subexposta
CAM2_RGB_2024-08-24_00-09-00_jpg.rf.9085aab6b0d409fd83f09e1990a21d74.jpg,train,borrada;subexposta
CAM2_RGB_2024-08-24_00-39-00_jpg.rf.458646690f07ccb3a5f5db301a43e655.jpg,train,borrada;subexposta;duplicata
CAM2_RGB_2024-08-24_01-09-00_jpg.rf.442046722e551c9fe88e6e8fb9316f18.jpg,train,borrada;subexposta;duplicata
CAM2_RGB_2024-08-24_01-39-00_jpg.rf.c6c6a611c64a540d3e187d018869a4d7.jpg,train,borrada;subexposta
CAM2_RGB_2024-08-24_02-09-00_jpg.rf.8d29d4eeced741934d85a2b488715741.jpg,train,borrada;subexposta
CAM2_RGB_2024-08-24_02-39-00_jpg.rf.de909507b6e524b66b3623d9f0273ae4.jpg,train,borrada;subexposta;duplicata
CAM2_RGB_2024-08-24_03-09-00_jpg.rf.43f1705355fed47d8f7d58f330d98f86.jpg,train,borrada;subexposta
CAM2_RGB_2024-08-24_04-38-58_jpg.rf.545125852bea75e9b91fc235476b4f60.jpg,train,borrada;subexposta
CAM3_RGB_2024-08-16_18-52-00_jpg.rf.75108058fa5ee778fcf534ef51a9e44d.jpg,train,duplicata
CAM3_RGB_2024-08-22_22-42-00_jpg.rf.575b675b23f533b4b7faef3e8972b1a8.jpg,train,duplicata
CAM3_RGB_2024-08-22_22-44-00_jpg.rf.0c570ed341f4d305b30b241cf55b3b26.jpg,train,duplicata
CAM3_RGB_2024-08-22_22-45-00_jpg.rf.1c732ea38e6aa1fd7768d4edde3402d5.jpg,train,duplicata
CAM3_RGB_2024-08-22_22-46-00_jpg.rf.5db6bec43b9d1ff1552a26deb73276f8.jpg,train,duplicata
CAM3_RGB_2024-08-23_08-11-00_jpg.rf.ad48eecf92f443c184634d0ac3a4e791.jpg,train,duplicata
CAM3_RGB_2024-08-23_08-12-00_jpg.rf.7f1f008b02c6aa8e4b4430c579beea43.jpg,train,duplicata
CAM3_RGB_2024-08-23_08-13-00_jpg.rf.27b0017e06e6ec313484fb03905c6e20.jpg,train,duplicata
CAM3_RGB_2024-08-23_18-21-00_jpg.rf.c4f324841a014e8593d98ab777f7cf86.jpg,train,duplicata
CAM3_RGB_2024-08-23_18-23-00_jpg.rf.37e6dfbe999dff75acd12051ecd3041e.jpg,train,duplicata
CAM3_RGB_2024-08-24_08-10-00_jpg.rf.201ebef5572673ecad44ad693d0dd126.jpg,train,duplicata
CAM3_RGB_2024-08-24_08-12-00_jpg.rf.767d2759a3ca0ac89c40b67a5b93007e.jpg,train,duplicata
CAM3_RGB_2024-08-24_17-08-00_jpg.rf.cc91135a4f23017ee30f4c4113ece2d3.jpg,train,duplicata
CAM3_RGB_2024-08-24_17-12-00_jpg.rf.ca64e44b9c39563e4302b88164eddda8.jpg,train,duplicata
CAM3_RGB_2024-08-30_06-04-00_jpg.rf.dc9ae827299dd41689f1d0c31282da76.jpg,train,borrada
CAM3_RGB_2024-08-30_06-35-00_jpg.rf.a0f7d742d006edb1f5ea6c8b26027e51.jpg,train,duplicata
CAM3_RGB_2024-08-30_15-59-00_jpg.rf.377e86b70e07ce6afbdca8153d95a1b0.jpg,train,duplicata
CAM1_RGB_2024-08-18_11-07-00_jpg.rf.4a6b4b954740c691c2afab382e50fa04.jpg,valid,duplicata
CAM1_RGB_2024-08-24_02-55-58_jpg.rf.e6862f17de0119cd0b389745e738c7c4.jpg,valid,borrada
CAM2_RGB_2024-08-20_18-26-00_jpg.rf.ca104fa2e180074191e0ce45a7a5208e.jpg,valid,duplicata
CAM2_RGB_2024-08-24_03-39-00_jpg.rf.d07e54224449891036691fafa42a7667.jpg,valid,borrada;subexposta
CAM2_RGB_2024-08-24_05-08-57_jpg.rf.f697e62604bd4ce5371e25caa237dc50.jpg,valid,borrada;subexposta
CAM3_RGB_2024-08-16_18-49-00_jpg.rf.58fa2c50ecd66c30214370ff75cfa049.jpg,valid,duplicata
CAM3_RGB_2024-08-23_04-39-00_jpg.rf.cd58d47deb90a21bbbf32848419d5fcf.jpg,valid,duplicata
CAM3_RGB_2024-08-23_04-40-00_jpg.rf.7b1f0e899469967eaf86e3c2ef4add5f.jpg,valid,duplicata
CAM3_RGB_2024-08-29_12-12-00_jpg.rf.3cd9dcb7a6eb49c06e0161bfa58c300d.jpg,valid,duplicata
CAM3_RGB_2024-08-30_06-05-00_jpg.rf.0b995cade9ca300a97f6903110bb09d5.jpg,valid,borrada
CAM3_RGB_2024-08-31_23-02-00_jpg.rf.948e4239997060afe5b23995a26b41e6.jpg,valid,borrada
